id,role_id,permission_id
8551fffe-a422-513d-b485-ddbbe176c43e,11179c77-1c84-541c-b39a-e63671ae2b54,e4002744-9bc5-5884-894d-105220625fcf
8d3eaf86-1f4c-5629-a03d-1f464be80c54,11179c77-1c84-541c-b39a-e63671ae2b54,bac7389b-0062-515e-abdd-0bb3bb30d301
6dd2d17a-dfd7-5eca-867f-f50aef7b4fdc,11179c77-1c84-541c-b39a-e63671ae2b54,887db088-e322-56d9-8a07-b0e06e0ec5f2
089e5bc4-a96c-55b9-a92a-149a8daa9ce5,11179c77-1c84-541c-b39a-e63671ae2b54,05866fda-2c2c-566a-8ccb-b87f48098e64
38f617ed-6b8e-5565-8df8-b0d69fceaba0,11179c77-1c84-541c-b39a-e63671ae2b54,ade430c3-27c3-5de9-9c79-20ab1f341554
091b43ee-eeff-58c5-b21d-f7af7c446458,11179c77-1c84-541c-b39a-e63671ae2b54,26866376-dff9-599b-8143-c01e1762d269
9911f6fa-9403-5c5e-84eb-54b35a0f0495,11179c77-1c84-541c-b39a-e63671ae2b54,0852c7b7-16e6-5b5b-a72c-5fef1224a7dd
26cb3adc-994c-54da-a958-21d2da2c0c80,11179c77-1c84-541c-b39a-e63671ae2b54,9ab39e65-bf25-5af6-a96d-76b7de106af5
4caa1d4b-66e6-500f-befe-b6eda930c32f,11179c77-1c84-541c-b39a-e63671ae2b54,a4ba7983-18fc-5a67-8594-6a7237b72ce5
e15cb5e9-f591-5f06-bd48-dad976d1cc50,11179c77-1c84-541c-b39a-e63671ae2b54,beca2b15-d07e-5af5-8228-377948eecd0b
3e3198f9-962f-5ee7-941e-bcbe8af6c5e4,11179c77-1c84-541c-b39a-e63671ae2b54,421add49-da4c-534d-8a6b-510c0b45f24b
c42bd089-faf8-530b-9932-2a4c36850d89,11179c77-1c84-541c-b39a-e63671ae2b54,bbc2d88d-b554-56ab-9852-2284c4414656
f82d0d43-1fbf-52b3-b05d-323fc881d551,11179c77-1c84-541c-b39a-e63671ae2b54,ee9efe82-80b5-57b6-9bfa-35b4ea333b66
6727a810-20ad-597e-ba27-e9a402a2aa95,11179c77-1c84-541c-b39a-e63671ae2b54,3d91f804-3d32-5f44-ac1e-465b22634223
e0af078b-a0cb-5ab6-93e5-56ce6fbd83aa,11179c77-1c84-541c-b39a-e63671ae2b54,9130d6d4-0023-5ccd-a58a-134e20886c9c
c2ce1a7b-8330-5611-a5d1-356c2774ff3d,11179c77-1c84-541c-b39a-e63671ae2b54,b33123fb-6bb9-5d9c-8697-0c426c2e292f
3f3585f2-322d-5437-9aeb-936f46a4a2fe,11179c77-1c84-541c-b39a-e63671ae2b54,7a64b118-bbf0-5047-9ca2-2c73bdca80b9
49717a3a-12e5-5489-a964-752462d673e5,11179c77-1c84-541c-b39a-e63671ae2b54,ab79ca4c-7d14-5d31-aaf2-54234427f219
04bcf441-bd6f-537f-8f51-a437f953e9eb,11179c77-1c84-541c-b39a-e63671ae2b54,bca11862-dd70-567e-b8a6-cf367925b30d
10b81a0e-7be9-5dd9-a46f-5cfa1fb56171,11179c77-1c84-541c-b39a-e63671ae2b54,5900df17-8a9d-5d80-af1a-7a2fd6885d99
908d4d43-6ccc-568a-bda3-3e8ccce831a2,11179c77-1c84-541c-b39a-e63671ae2b54,049e4f55-1996-5876-92ea-91f01033359f
47c52e0f-8a05-5101-9341-0b7b7c4f78b1,11179c77-1c84-541c-b39a-e63671ae2b54,504cf64a-d799-5670-8593-8c26683c9a7d
8b858b5d-3621-5dd7-a666-407988070242,11179c77-1c84-541c-b39a-e63671ae2b54,89080654-6868-588b-b2a3-26c70ced6ec4
dc114145-670d-5cba-91e6-5073c9344bcd,11179c77-1c84-541c-b39a-e63671ae2b54,621f3e7d-9673-58cd-88d4-ace2dbac9a3a
9276c2b3-777b-586e-a3fd-0ae66248eec2,11179c77-1c84-541c-b39a-e63671ae2b54,45a1e659-e10c-50b8-bb42-32e5760c717a
e11e829e-78c8-5b6e-96d2-3cf752c0853c,11179c77-1c84-541c-b39a-e63671ae2b54,e4bbbdf7-97a9-5e72-846d-c60d92f0eb92
42ce8820-f44d-5385-9193-10c8db7c6545,11179c77-1c84-541c-b39a-e63671ae2b54,b9ad1261-0410-5ad3-8b1f-fedccc82005d
e1449526-abf8-5019-92a1-066b296f0b81,26225843-7f70-5fe7-ae28-801e6c78dcad,e4002744-9bc5-5884-894d-105220625fcf
7c893853-da74-59ad-b576-2fd998c09d70,26225843-7f70-5fe7-ae28-801e6c78dcad,887db088-e322-56d9-8a07-b0e06e0ec5f2
35db1867-7b2c-569c-abee-b6f53a5e375d,26225843-7f70-5fe7-ae28-801e6c78dcad,ade430c3-27c3-5de9-9c79-20ab1f341554
1aecac6c-e8f7-5f28-8aa5-59109bbaadcb,26225843-7f70-5fe7-ae28-801e6c78dcad,9ab39e65-bf25-5af6-a96d-76b7de106af5
d188b450-1048-593c-b9ed-272d32dc8d11,26225843-7f70-5fe7-ae28-801e6c78dcad,bbc2d88d-b554-56ab-9852-2284c4414656
ff771e73-26a9-532e-a29b-5b4ba552cd97,26225843-7f70-5fe7-ae28-801e6c78dcad,ee9efe82-80b5-57b6-9bfa-35b4ea333b66
5717cbf9-27cd-5e7f-a2d3-5d00630556d0,26225843-7f70-5fe7-ae28-801e6c78dcad,7a64b118-bbf0-5047-9ca2-2c73bdca80b9
11705374-1ec6-57c4-9811-9954dc4df3ef,26225843-7f70-5fe7-ae28-801e6c78dcad,504cf64a-d799-5670-8593-8c26683c9a7d
781b6b66-b56a-529a-967c-3c50ffa4a227,26225843-7f70-5fe7-ae28-801e6c78dcad,621f3e7d-9673-58cd-88d4-ace2dbac9a3a
f7af5c16-d100-523d-97bd-b5e86bd47a2b,26225843-7f70-5fe7-ae28-801e6c78dcad,e4bbbdf7-97a9-5e72-846d-c60d92f0eb92
05e4ff08-781f-5750-bf9b-d0d3aa4871b2,7989c105-39ff-5598-9d9b-da3a53e15712,9ab39e65-bf25-5af6-a96d-76b7de106af5
b7931303-cb52-5694-a73a-17c8ff7210c8,7989c105-39ff-5598-9d9b-da3a53e15712,a4ba7983-18fc-5a67-8594-6a7237b72ce5
b405db4a-ec2c-55e5-9749-19515de30494,7989c105-39ff-5598-9d9b-da3a53e15712,beca2b15-d07e-5af5-8228-377948eecd0b
f47c30a9-160c-53c9-848f-47939c0dd6e1,7989c105-39ff-5598-9d9b-da3a53e15712,ab79ca4c-7d14-5d31-aaf2-54234427f219
e2bf4054-44ec-5c5b-ba6a-9860c13e3c3c,7989c105-39ff-5598-9d9b-da3a53e15712,bca11862-dd70-567e-b8a6-cf367925b30d
42730374-3056-5230-9838-46aef5333d5e,7989c105-39ff-5598-9d9b-da3a53e15712,5900df17-8a9d-5d80-af1a-7a2fd6885d99
c9fa3480-7809-5982-8d84-ee3d4f3ad5ac,7989c105-39ff-5598-9d9b-da3a53e15712,049e4f55-1996-5876-92ea-91f01033359f
28041aa1-87fd-5429-a5d9-b9a54740b364,7989c105-39ff-5598-9d9b-da3a53e15712,504cf64a-d799-5670-8593-8c26683c9a7d
5bfb6f61-a3da-58f4-9ae5-0186805373ac,7989c105-39ff-5598-9d9b-da3a53e15712,621f3e7d-9673-58cd-88d4-ace2dbac9a3a
6567424a-0916-5e08-b36b-d5d30e2d6830,7989c105-39ff-5598-9d9b-da3a53e15712,e4bbbdf7-97a9-5e72-846d-c60d92f0eb92
1dc15384-3fbe-5419-9210-bc65e2e984e9,bbef7a54-5112-5855-b8bb-2b5b16373b85,9ab39e65-bf25-5af6-a96d-76b7de106af5
01ae615b-85b3-5a67-b3a1-37d12a2f3dbb,bbef7a54-5112-5855-b8bb-2b5b16373b85,beca2b15-d07e-5af5-8228-377948eecd0b
eda78eb3-7c39-5731-993f-d1bcb1dfaf32,bbef7a54-5112-5855-b8bb-2b5b16373b85,ab79ca4c-7d14-5d31-aaf2-54234427f219
191312e1-e7cd-56e2-b405-0281434a9068,bbef7a54-5112-5855-b8bb-2b5b16373b85,bca11862-dd70-567e-b8a6-cf367925b30d
a0d7f97d-cc88-592a-8190-fd2a275660c8,bbef7a54-5112-5855-b8bb-2b5b16373b85,5900df17-8a9d-5d80-af1a-7a2fd6885d99
db59cc2d-053c-5167-b2f3-abe520564c82,bbef7a54-5112-5855-b8bb-2b5b16373b85,049e4f55-1996-5876-92ea-91f01033359f
34e0c59e-1a7b-5549-9ddf-d724082796b3,bbef7a54-5112-5855-b8bb-2b5b16373b85,e4bbbdf7-97a9-5e72-846d-c60d92f0eb92
1ad3c67b-a033-5a4a-b6f8-7d8bde711f1d,d01ab2da-c355-568d-a00b-2fbab1ade3df,ee9efe82-80b5-57b6-9bfa-35b4ea333b66
a62953e9-8f31-5322-9c5e-d221a29fc7cc,d01ab2da-c355-568d-a00b-2fbab1ade3df,3d91f804-3d32-5f44-ac1e-465b22634223
9d5ac250-8816-59d1-974c-4ab17a55dc86,d01ab2da-c355-568d-a00b-2fbab1ade3df,9130d6d4-0023-5ccd-a58a-134e20886c9c
f99f4ba4-66bb-5535-a318-0d3074337943,d01ab2da-c355-568d-a00b-2fbab1ade3df,ab79ca4c-7d14-5d31-aaf2-54234427f219
a172a532-56dd-50ee-8b67-8956972bf0e4,d01ab2da-c355-568d-a00b-2fbab1ade3df,bca11862-dd70-567e-b8a6-cf367925b30d
5f6f78ac-d93f-5fac-8747-d61c78d2999a,d01ab2da-c355-568d-a00b-2fbab1ade3df,5900df17-8a9d-5d80-af1a-7a2fd6885d99
f03884af-ccd1-5afb-b9ea-2e91437bb367,d01ab2da-c355-568d-a00b-2fbab1ade3df,049e4f55-1996-5876-92ea-91f01033359f
306c1b3f-f880-59c6-a577-93e6fb102dad,d01ab2da-c355-568d-a00b-2fbab1ade3df,504cf64a-d799-5670-8593-8c26683c9a7d
26761c6b-d56c-50f3-a7c0-b5d156130ad4,d01ab2da-c355-568d-a00b-2fbab1ade3df,621f3e7d-9673-58cd-88d4-ace2dbac9a3a
333e42c1-7bbc-547f-8770-78808c70a4cd,d01ab2da-c355-568d-a00b-2fbab1ade3df,e4bbbdf7-97a9-5e72-846d-c60d92f0eb92
2a6132d3-b75b-58a2-8d4e-7a9ee710db0d,df473612-fa8d-5ed0-a777-7d683233c9ae,ee9efe82-80b5-57b6-9bfa-35b4ea333b66
2ed10cf3-ff88-5784-a92b-d62a917ebf1a,df473612-fa8d-5ed0-a777-7d683233c9ae,9130d6d4-0023-5ccd-a58a-134e20886c9c
8fcf495b-b667-5fff-8286-1f7eac71a3ce,df473612-fa8d-5ed0-a777-7d683233c9ae,ab79ca4c-7d14-5d31-aaf2-54234427f219
556d4904-8ee0-58fb-ba00-ee64d6b24470,df473612-fa8d-5ed0-a777-7d683233c9ae,bca11862-dd70-567e-b8a6-cf367925b30d
70c08fc9-da1f-5d56-9f17-595917f7e113,df473612-fa8d-5ed0-a777-7d683233c9ae,5900df17-8a9d-5d80-af1a-7a2fd6885d99
c76c407a-88fa-571b-a574-8f653d121b64,df473612-fa8d-5ed0-a777-7d683233c9ae,049e4f55-1996-5876-92ea-91f01033359f
75a782ce-db28-5124-a0fc-d75a9fb77566,df473612-fa8d-5ed0-a777-7d683233c9ae,e4bbbdf7-97a9-5e72-846d-c60d92f0eb92
1b9f30d8-d0d5-5493-8152-ad5f2b7aecb9,d1498384-f607-510a-9f79-42c2dc6c07df,ab79ca4c-7d14-5d31-aaf2-54234427f219
165ddff8-10ce-5ceb-9069-e7292cecf50a,d1498384-f607-510a-9f79-42c2dc6c07df,5900df17-8a9d-5d80-af1a-7a2fd6885d99
21a4ed56-af9b-58ae-8981-415d81045e36,d1498384-f607-510a-9f79-42c2dc6c07df,049e4f55-1996-5876-92ea-91f01033359f
ea866f53-22ce-565a-a272-c91916e087aa,b4a9fdf8-ab91-5788-9632-ed8efc007dae,9ab39e65-bf25-5af6-a96d-76b7de106af5
4fa2c283-4d04-50ac-aa94-1edf6ed3650d,b4a9fdf8-ab91-5788-9632-ed8efc007dae,ee9efe82-80b5-57b6-9bfa-35b4ea333b66
c500291b-1bf8-5c06-ac08-de6657b57772,b4a9fdf8-ab91-5788-9632-ed8efc007dae,ab79ca4c-7d14-5d31-aaf2-54234427f219
08d6229e-8ffd-58a2-911b-084289eb36a3,b4a9fdf8-ab91-5788-9632-ed8efc007dae,5900df17-8a9d-5d80-af1a-7a2fd6885d99
eecc0ee1-f5c4-5212-95e7-23dd2d037338,b4a9fdf8-ab91-5788-9632-ed8efc007dae,049e4f55-1996-5876-92ea-91f01033359f
